{"cameraMode":{"drawMode":0,"name":"Shaded","section":"Shading Mode"},"sceneLighting":true,"audioPlay":false,"sceneViewState":{"showFog":true,"showMaterialUpdate":false,"showSkybox":true,"showFlares":true,"showImageEffects":true,"showParticleSystems":true},"in2DMode":false,"pivot":{"x":0.07494852691888809,"y":-0.03114418312907219,"z":0.24095526337623597},"rotation":{"x":-0.16590750217437745,"y":0.5150817036628723,"z":-0.10239166021347046,"w":-0.8347169160842896},"size":0.1658269166946411,"orthographic":false}